Trees, Test
1,0.072222
2,0.072778
3,0.044444
4,0.049444
5,0.042778