Trees,Train
1,0.059286
2,0.057857
3,0.032857
4,0.03619
5,0.022619